<?xml version="1.0" encoding="UTF-8"?>
<project-private xmlns="http://www.netbeans.org/ns/project-private/1">
    <editor-bookmarks xmlns="http://www.netbeans.org/ns/editor-bookmarks/2" lastBookmarkId="0"/>
    <open-files xmlns="http://www.netbeans.org/ns/projectui-open-files/2">
        <group>
            <file>file:/C:/Users/ASUS/Documents/NetBeansProjects/Navetur/src/navetur/Yates.java</file>
            <file>file:/C:/Users/ASUS/Documents/NetBeansProjects/Navetur/src/navetur/Veleros.java</file>
            <file>file:/C:/Users/ASUS/Documents/NetBeansProjects/Navetur/src/navetur/Navetur.java</file>
            <file>file:/C:/Users/ASUS/Documents/NetBeansProjects/Navetur/src/navetur/Capitan.java</file>
            <file>file:/C:/Users/ASUS/Documents/NetBeansProjects/Navetur/src/navetur/Embarcacion.java</file>
        </group>
    </open-files>
</project-private>
